<?xml version="1.0" encoding="UTF-8"?>
<beans xmlns="http://www.springframework.org/schema/beans"
    xmlns:xsi="http://www.w3.org/2001/XMLSchema-instance"
    xsi:schemaLocation="http://www.springframework.org/schema/beans
        https://www.springframework.org/schema/beans/spring-beans.xsd">


	<bean id="departmentList" class="java.util.ArrayList">
        <constructor-arg>
            <list>
                <ref bean="d1"></ref>
                <ref bean="d2"></ref>
                <ref bean="d3"></ref>
                <ref bean="d4"></ref>
            </list>
        </constructor-arg>
    </bean>
	
    <bean id="d1" class="com.cognizant.springlearn.department.Department">
        <property name="dId" value="101" />
        <property name="dName" value="CSE" />
    </bean>
	
	<bean id="d2" class="com.cognizant.springlearn.department.Department">
        <property name="dId" value="102" />
        <property name="dName" value="MECH" />
    </bean>
    
    <bean id="d3" class="com.cognizant.springlearn.department.Department">
        <property name="dId" value="103" />
        <property name="dName" value="PETROLEUM" />
    </bean>
    
    <bean id="d4" class="com.cognizant.springlearn.department.Department">
        <property name="dId" value="104" />
        <property name="dName" value="ECE" />
    </bean>
    
   

</beans>