<?xml version="1.0" encoding="UTF-8"?>
<beans xmlns="http://www.springframework.org/schema/beans"
    xmlns:xsi="http://www.w3.org/2001/XMLSchema-instance"
    xsi:schemaLocation="http://www.springframework.org/schema/beans
        https://www.springframework.org/schema/beans/spring-beans.xsd">


	<bean id="employeeList" class="java.util.ArrayList">
        <constructor-arg>
            <list>
                <ref bean="e1"></ref>
                <ref bean="e2"></ref>
                <ref bean="e3"></ref>
                <ref bean="e4"></ref>
            </list>
        </constructor-arg>
    </bean>
	
    <bean id="e1" class="com.cognizant.springlearn.employee.Employee">
        <property name="eId" value="1" />
        <property name="eName" value="Mohit" />
    </bean>
	
	<bean id="e2" class="com.cognizant.springlearn.employee.Employee">
        <property name="eId" value="2" />
        <property name="eName" value="Sajwan" />
    </bean>
    
    <bean id="e3" class="com.cognizant.springlearn.employee.Employee">
        <property name="eId" value="3" />
        <property name="eName" value="Random" />
    </bean>
    
    <bean id="e4" class="com.cognizant.springlearn.employee.Employee">
        <property name="eId" value="4" />
        <property name="eName" value="Zuckerberg" />
    </bean>
    
   

</beans>